Country,Place,Description,Image_URL_1,Image_URL_2
Maldives,Maafushi Island,"Maafushi Island is a well‑known destination offering notable attractions, cultural value, and unique travel experiences.",https://www.unsplash.com/s/photos/Maafushi%20Island,https://www.pexels.com/search/Maafushi%20Island/
Maldives,Vaadhoo Island (Sea of Stars),"Vaadhoo Island (Sea of Stars) is a well‑known destination offering notable attractions, cultural value, and unique travel experiences.",https://www.unsplash.com/s/photos/Vaadhoo%20Island%20(Sea%20of%20Stars),https://www.pexels.com/search/Vaadhoo%20Island%20(Sea%20of%20Stars)/
Maldives,Hanifaru Bay,"Hanifaru Bay is a well‑known destination offering notable attractions, cultural value, and unique travel experiences.",https://www.unsplash.com/s/photos/Hanifaru%20Bay,https://www.pexels.com/search/Hanifaru%20Bay/
Maldives,Banana Reef,"Banana Reef is a well‑known destination offering notable attractions, cultural value, and unique travel experiences.",https://www.unsplash.com/s/photos/Banana%20Reef,https://www.pexels.com/search/Banana%20Reef/
Maldives,Veligandu Island,"Veligandu Island is a well‑known destination offering notable attractions, cultural value, and unique travel experiences.",https://www.unsplash.com/s/photos/Veligandu%20Island,https://www.pexels.com/search/Veligandu%20Island/
Singapore,Marina Bay Sands,"Marina Bay Sands is a well‑known destination offering notable attractions, cultural value, and unique travel experiences.",https://www.unsplash.com/s/photos/Marina%20Bay%20Sands,https://www.pexels.com/search/Marina%20Bay%20Sands/
Singapore,Gardens by the bay,"Gardens by the bay is a well‑known destination offering notable attractions, cultural value, and unique travel experiences.",https://www.unsplash.com/s/photos/Gardens%20by%20the%20bay,https://www.pexels.com/search/Gardens%20by%20the%20bay/
Singapore,Sentosa Island,"Sentosa Island is a well‑known destination offering notable attractions, cultural value, and unique travel experiences.",https://www.unsplash.com/s/photos/Sentosa%20Island,https://www.pexels.com/search/Sentosa%20Island/
Singapore,Singapore Zoo and Night safari,"Singapore Zoo and Night safari is a well‑known destination offering notable attractions, cultural value, and unique travel experiences.",https://www.unsplash.com/s/photos/Singapore%20Zoo%20and%20Night%20safari,https://www.pexels.com/search/Singapore%20Zoo%20and%20Night%20safari/
Singapore,Chinatown,"Chinatown is a well‑known destination offering notable attractions, cultural value, and unique travel experiences.",https://www.unsplash.com/s/photos/Chinatown,https://www.pexels.com/search/Chinatown/
Thailand,Bangkok,"Bangkok is a well‑known destination offering notable attractions, cultural value, and unique travel experiences.",https://www.unsplash.com/s/photos/Bangkok,https://www.pexels.com/search/Bangkok/
Thailand,Phuket,"Phuket is a well‑known destination offering notable attractions, cultural value, and unique travel experiences.",https://www.unsplash.com/s/photos/Phuket,https://www.pexels.com/search/Phuket/
Thailand,Chiang Mai,"Chiang Mai is a well‑known destination offering notable attractions, cultural value, and unique travel experiences.",https://www.unsplash.com/s/photos/Chiang%20Mai,https://www.pexels.com/search/Chiang%20Mai/
Thailand,Krabi,"Krabi is a well‑known destination offering notable attractions, cultural value, and unique travel experiences.",https://www.unsplash.com/s/photos/Krabi,https://www.pexels.com/search/Krabi/
Thailand,Pattaya,"Pattaya is a well‑known destination offering notable attractions, cultural value, and unique travel experiences.",https://www.unsplash.com/s/photos/Pattaya,https://www.pexels.com/search/Pattaya/
Bhutan,Paro Taktsang (Tiger’s Nest Monastery),"Paro Taktsang (Tiger’s Nest Monastery) is a well‑known destination offering notable attractions, cultural value, and unique travel experiences.",https://www.unsplash.com/s/photos/Paro%20Taktsang%20(Tiger’s%20Nest%20Monastery),https://www.pexels.com/search/Paro%20Taktsang%20(Tiger’s%20Nest%20Monastery)/
Bhutan,Punakha Dzong,"Punakha Dzong is a well‑known destination offering notable attractions, cultural value, and unique travel experiences.",https://www.unsplash.com/s/photos/Punakha%20Dzong,https://www.pexels.com/search/Punakha%20Dzong/
Bhutan,Thimphu (Buddha Dordenma Statue),"Thimphu (Buddha Dordenma Statue) is a well‑known destination offering notable attractions, cultural value, and unique travel experiences.",https://www.unsplash.com/s/photos/Thimphu%20(Buddha%20Dordenma%20Statue),https://www.pexels.com/search/Thimphu%20(Buddha%20Dordenma%20Statue)/
Bhutan,Dochula Pass,"Dochula Pass is a well‑known destination offering notable attractions, cultural value, and unique travel experiences.",https://www.unsplash.com/s/photos/Dochula%20Pass,https://www.pexels.com/search/Dochula%20Pass/
Bhutan,Phobjikha Valley (Gangtey),"Phobjikha Valley (Gangtey) is a well‑known destination offering notable attractions, cultural value, and unique travel experiences.",https://www.unsplash.com/s/photos/Phobjikha%20Valley%20(Gangtey),https://www.pexels.com/search/Phobjikha%20Valley%20(Gangtey)/
